wnwwnw,
8.141830610113282019e-01,8.258560788584667911e-01,8.374694022560021933e-01
