wnwwnw,
8.094632074860032001e-01,8.033275147480728462e-01,7.845209192660537179e-01
