llllll,wnwwnw,
-6.022004684754915516e-02,6.698127190568457789e-02,1.307386780719441144e-01
7.065972556082145140e-01,7.425395641130466684e-01,7.994072553215937349e-01
