llllll,
5.016063522552559606e-01,6.149602101383416786e-01,6.697354343052454029e-01
