llllll,
4.987050108882661315e-01,6.102586814773920398e-01,6.592188314122544579e-01
