llllll,wnwwnw,
-3.284157584656248463e-02,-5.103873373671946774e-03,5.252077036700005669e-02
nan,nan,nan
