llllll,
6.149648650485317614e-01,6.191750468462529078e-01,6.657890436033133685e-01
