wnwwnw,
8.075608891439504111e-01,8.522118094369041108e-01,8.503857003054168251e-01
