llllll,wnwwnw,
-3.284157584656248463e-02,6.485597645979475356e-02,-4.798434554947205236e-03
7.531008983840252746e-01,8.112729703298381390e-01,8.382761405009508948e-01
